{
  "urls": [
    "./audiosprite.mp3",
    "./audiosprite.ogg"
  ],
  "sprite": {
    "checkpointReached": [
      0,
      8480.77097505669
    ],
    "coinCyberCollected": [
      10000,
      8480.77097505669
    ],
    "coinGoldCollected": [
      20000,
      8480.77097505669
    ],
    "droneDeath": [
      30000,
      8480.770975056686
    ],
    "levelCompletion - Copie": [
      40000,
      8480.770975056686
    ],
    "levelCompletion": [
      50000,
      8480.770975056686
    ],
    "menuButtonClicked": [
      60000,
      8480.770975056686
    ],
    "menuPlayButtonClicked": [
      70000,
      8480.770975056686
    ],
    "mineExplosion": [
      80000,
      8480.770975056686
    ],
    "pickupCollected": [
      90000,
      8480.770975056686
    ],
    "playerBark": [
      100000,
      8480.770975056686
    ],
    "playerDeath": [
      110000,
      8480.770975056686
    ],
    "playerHurt": [
      120000,
      8480.770975056686
    ],
    "playerWeaponFirePrimary": [
      130000,
      8480.770975056686
    ],
    "playerWeaponFireSecondary": [
      140000,
      8919.999999999987
    ],
    "robotDeath": [
      150000,
      8480.770975056686
    ],
    "robotWeaponFirePrimary": [
      160000,
      8480.770975056686
    ],
    "spikeGoDown": [
      170000,
      8480.770975056686
    ],
    "spikeGoUp": [
      180000,
      8480.770975056686
    ]
  }
}