{
  "urls": [
    "./audiosprite.mp3",
    "./audiosprite.ogg"
  ],
  "sprite": {
    "audiosprite": [
      0,
      344000
    ],
    "Checkpoint": [
      345000,
      7439.999999999998
    ],
    "Coin_Collect": [
      354000,
      7439.999999999998
    ],
    "Item_Pickup": [
      363000,
      7439.999999999998
    ],
    "Laser_Gun_1 low": [
      372000,
      7439.999999999998
    ],
    "Laser_Gun_1": [
      381000,
      7439.999999999998
    ],
    "Laser_Gun_2": [
      390000,
      7439.999999999998
    ],
    "Level_Completion": [
      399000,
      11160.000000000025
    ],
    "Menu_Buttons_Click": [
      412000,
      7439.999999999998
    ],
    "Menu_Buttons_Hover": [
      421000,
      7439.999999999998
    ],
    "New_Level": [
      430000,
      8832.018140589582
    ],
    "Pistol__Shotgun_Empty": [
      440000,
      7439.999999999998
    ],
    "Pistol_Reload": [
      449000,
      7439.999999999998
    ],
    "Pistol_Shot": [
      458000,
      7439.999999999998
    ],
    "Play_Button_Click": [
      467000,
      7439.999999999998
    ],
    "Player_Damage": [
      476000,
      7439.999999999998
    ],
    "Player_Death": [
      485000,
      7439.999999999998
    ],
    "Robot_Death": [
      494000,
      7439.999999999998
    ],
    "Shotgun_Reload_One_Bullet": [
      503000,
      7439.999999999998
    ],
    "Shotgun_Shot": [
      512000,
      7440.000000000055
    ]
  }
}